chrisansu;chris@chris;Masculino;
chrisansu;chrisansu@hotmail.com;Masculino;
Arlei Fernandes;arleif@hotmail.com;Masculino;
Ana Laura;laura@hotmail.com;Feminino;
Danielle Santos;dandsy@hotmIL.COM;Feminino;
Samuel Resende;samutsu@hotmail.com;Masculino;
carlos;carlos;Masculino;
carlos;marcos;Masculino;
chrisansu;chrisansu@hotmail.com;Masculino;
marcos dos santos;marc;Masculino;
chris;chrisansu@hotmail.com;Masculino;
